,price,title,links
0,"₹ 4,000",Sennheiser HD 4.40-BT Bluetooth Headphones With Invoice,"['https://apollo-singapore.akamaized.net:443/v1/files/ze57yrdvoqle-IN/image;s=100x200;q=60 ', '                    https://apollo-singapore.akamaized.net:443/v1/files/ze57yrdvoqle-IN/image;s=200x400;q=60 ', '                    https://apollo-singapore.akamaized.net:443/v1/files/ze57yrdvoqle-IN/image;s=300x600;q=60 ', '                    https://apollo-singapore.akamaized.net:443/v1/files/ze57yrdvoqle-IN/image;s=400x800;q=60 ', '                    https://apollo-singapore.akamaized.net:443/v1/files/ze57yrdvoqle-IN/image;s=600x1200;q=60']"
1,₹ 500,Xs max case and cover,"['https://apollo-singapore.akamaized.net:443/v1/files/5opfqorgnc3k-IN/image;s=100x200;q=60 ', '                    https://apollo-singapore.akamaized.net:443/v1/files/5opfqorgnc3k-IN/image;s=200x400;q=60 ', '                    https://apollo-singapore.akamaized.net:443/v1/files/5opfqorgnc3k-IN/image;s=300x600;q=60 ', '                    https://apollo-singapore.akamaized.net:443/v1/files/5opfqorgnc3k-IN/image;s=400x800;q=60 ', '                    https://apollo-singapore.akamaized.net:443/v1/files/5opfqorgnc3k-IN/image;s=600x1200;q=60']"
2,₹ 200,Samsung original earphones,"['https://apollo-singapore.akamaized.net:443/v1/files/vp750cv19n9i-IN/image;s=100x200;q=60 ', '                    https://apollo-singapore.akamaized.net:443/v1/files/vp750cv19n9i-IN/image;s=200x400;q=60 ', '                    https://apollo-singapore.akamaized.net:443/v1/files/vp750cv19n9i-IN/image;s=300x600;q=60 ', '                    https://apollo-singapore.akamaized.net:443/v1/files/vp750cv19n9i-IN/image;s=400x800;q=60 ', '                    https://apollo-singapore.akamaized.net:443/v1/files/vp750cv19n9i-IN/image;s=600x1200;q=60']"
3,₹ 300,Printed and 4d printed cases,NO links found
4,"₹ 1,200",MAC Book Air : Power cord : Original  cord as per photo : Original new,NO links found
5,"₹ 35,000",Apple watch series 4 44mm,NO links found
6,₹ 650,JioFi Hotspot,NO links found
7,"₹ 1,800",Wireless earphones,NO links found
8,"₹ 1,000",Mi band 3 with very good condition,NO links found
9,"₹ 2,350",Mi Air Dots,NO links found
10,"₹ 1,500",Mi band 3 with full accessories,NO links found
11,"₹ 1,500",I phone 7 plus & 8 plus flip cover forwenw,NO links found
12,₹ 200,Syska Beat Pro Headphones,NO links found
13,"₹ 10,000",Samsung Smart watch S2,NO links found
14,₹ 50,Blutooth for Android,NO links found
15,"₹ 10,000",Apple watch Series 1,NO links found
16,"₹ 15,000",Galaxy watch active,NO links found
17,₹ 799,i Ball Rocky Wired Big Headphones With Mic.,NO links found
18,₹ 350,Redmi note 7 pro flip cover transparent,NO links found
19,₹ 500,Trypoid stand,NO links found
